TileIndex,Red,Green,Blue
0,41,64,110
1,41,64,110
2,41,64,110
3,41,65,108
4,42,65,108
5,41,64,109
6,41,63,109
7,41,63,109
8,41,63,111
9,39,62,110
10,39,61,110
11,39,61,110
12,39,61,110
13,39,61,110
14,40,61,110
15,40,61,110
16,46,63,108
17,50,63,106
18,51,64,108
19,51,65,107
20,57,67,109
21,56,68,110
22,59,68,107
23,59,68,104
24,54,65,104
25,52,63,101
26,53,64,102
27,54,63,102
28,57,65,104
29,58,66,103
30,61,67,106
31,64,69,106
32,69,73,108
33,73,77,111
34,77,78,109
35,83,84,112
36,87,88,116
37,94,88,115
38,100,92,116
39,106,95,115
40,111,98,119
41,118,100,118
42,125,107,121
43,130,113,124
44,141,119,127
45,148,127,126
46,151,130,125
47,153,132,127
48,155,135,130
49,156,135,130
50,158,138,132
51,156,135,131
52,148,126,133
53,146,125,132
54,154,134,136
55,164,140,139
56,170,146,138
57,181,152,141
58,183,153,138
59,187,159,138
60,59,77,120
61,59,77,120
62,58,77,120
63,57,77,117
64,57,76,117
65,56,75,118
66,56,76,118
67,56,76,118
68,56,75,119
69,55,74,118
70,55,74,118
71,56,74,119
72,56,74,118
73,56,74,118
74,56,74,118
75,56,74,118
76,58,74,118
77,61,74,116
78,62,75,118
79,63,76,118
80,68,76,120
81,67,78,118
82,72,80,118
83,73,80,117
84,75,81,117
85,76,83,117
86,78,85,119
87,79,85,119
88,81,86,120
89,81,84,117
90,83,84,119
91,85,85,117
92,87,85,120
93,91,89,122
94,96,93,123
95,101,97,124
96,104,99,126
97,109,101,127
98,115,105,127
99,123,111,130
100,127,115,131
101,135,118,131
102,139,121,131
103,144,127,134
104,152,131,135
105,158,137,136
106,164,143,138
107,170,149,143
108,171,151,142
109,173,153,140
110,176,156,141
111,178,156,143
112,177,154,151
113,169,148,147
114,171,150,148
115,181,157,152
116,187,163,153
117,197,169,156
118,200,172,155
119,202,175,154
120,80,93,133
121,80,94,133
122,78,94,133
123,77,93,130
124,76,92,129
125,76,92,131
126,75,91,130
127,75,90,129
128,75,90,131
129,74,90,131
130,75,90,132
131,76,89,132
132,76,89,131
133,76,89,131
134,75,89,131
135,74,89,131
136,75,88,133
137,78,91,130
138,78,89,131
139,79,91,133
140,83,90,133
141,84,92,130
142,89,93,130
143,91,94,131
144,92,95,128
145,94,98,126
146,96,100,125
147,99,102,127
148,102,104,129
149,107,106,130
150,112,107,134
151,115,111,134
152,119,113,136
153,122,116,138
154,123,117,138
155,126,119,137
156,129,121,139
157,131,122,138
158,136,124,137
159,140,128,140
160,144,132,144
161,153,137,145
162,156,139,144
163,161,145,147
164,167,147,147
165,171,150,149
166,178,157,152
167,182,162,154
168,189,169,156
169,193,172,158
170,195,173,161
171,199,173,160
172,201,176,161
173,199,177,165
174,194,172,163
175,197,174,166
176,203,179,166
177,212,185,169
178,217,190,169
179,220,194,171
180,101,111,146
181,100,111,146
182,100,110,146
183,98,110,143
184,96,108,144
185,97,107,145
186,97,107,144
187,96,106,143
188,95,107,144
189,95,107,144
190,95,107,144
191,94,106,143
192,94,105,142
193,95,104,142
194,96,105,143
195,96,106,144
196,98,106,145
197,98,106,143
198,99,105,143
199,102,106,145
200,102,107,145
201,104,108,145
202,108,108,144
203,112,111,145
204,115,114,145
205,117,118,142
206,120,121,142
207,124,123,145
208,127,125,147
209,131,127,145
210,136,128,146
211,138,130,147
212,143,135,149
213,146,138,149
214,151,140,152
215,155,144,152
216,159,147,155
217,159,148,156
218,162,150,156
219,164,152,156
220,167,152,157
221,170,155,156
222,174,158,158
223,177,161,160
224,184,164,163
225,189,168,164
226,194,174,167
227,197,178,167
228,202,183,168
229,207,187,171
230,213,191,174
231,216,194,176
232,214,192,173
233,216,197,179
234,216,195,179
235,216,193,181
236,216,194,178
237,222,200,179
238,228,206,183
239,232,211,185
240,124,129,155
241,124,129,155
242,123,129,155
243,121,129,153
244,120,127,155
245,121,127,155
246,121,126,154
247,120,125,154
248,118,126,153
249,118,126,153
250,118,126,153
251,118,126,154
252,118,125,153
253,119,124,153
254,120,125,153
255,121,126,154
256,123,127,155
257,123,127,155
258,125,126,154
259,128,127,156
260,128,127,155
261,129,129,157
262,133,130,156
263,135,131,157
264,135,132,154
265,137,134,152
266,138,135,153
267,142,137,156
268,146,141,159
269,150,145,158
270,156,148,160
271,161,152,164
272,164,155,164
273,166,159,164
274,172,161,167
275,179,163,167
276,182,165,167
277,184,168,167
278,187,172,168
279,190,175,171
280,192,176,171
281,195,180,170
282,196,181,172
283,198,183,172
284,203,184,175
285,206,186,177
286,209,189,177
287,212,193,178
288,215,196,181
289,217,199,182
290,221,203,183
291,225,208,188
292,227,210,189
293,230,212,188
294,231,214,189
295,229,213,190
296,229,213,190
297,230,214,189
298,235,220,195
299,239,224,200
300,148,148,165
301,148,148,165
302,147,147,164
303,147,145,162
304,147,144,166
305,146,145,164
306,146,145,164
307,145,145,164
308,144,146,164
309,145,147,166
310,147,147,166
311,148,146,166
312,148,146,166
313,147,146,166
314,148,147,166
315,149,149,168
316,151,148,166
317,149,147,165
318,151,146,165
319,151,146,165
320,153,149,168
321,154,150,168
322,156,151,167
323,157,151,165
324,156,150,166
325,158,153,164
326,161,155,167
327,163,155,167
328,166,158,170
329,167,159,169
330,171,160,170
331,173,162,171
332,177,165,171
333,179,168,170
334,185,171,174
335,192,174,176
336,195,177,176
337,198,180,178
338,201,184,176
339,204,187,179
340,209,191,181
341,211,193,179
342,214,196,182
343,216,198,184
344,218,200,186
345,223,203,189
346,225,206,189
347,227,209,191
348,228,209,192
349,229,211,193
350,232,215,195
351,233,217,193
352,237,221,196
353,240,224,199
354,243,227,204
355,241,228,205
356,243,230,209
357,243,231,210
358,246,235,214
359,247,237,217
360,169,163,172
361,169,164,173
362,170,164,174
363,170,163,174
364,170,163,176
365,169,164,175
366,168,164,175
367,168,164,176
368,168,164,176
369,168,165,176
370,170,165,177
371,173,165,178
372,173,165,178
373,171,166,179
374,172,167,179
375,173,167,179
376,174,167,178
377,175,168,179
378,176,166,178
379,176,166,177
380,177,168,178
381,177,168,178
382,179,170,179
383,180,169,178
384,180,170,176
385,181,171,176
386,183,174,179
387,184,174,180
388,185,175,181
389,185,175,181
390,188,175,180
391,190,177,181
392,193,179,180
393,194,181,180
394,197,182,181
395,201,185,184
396,204,188,185
397,206,190,186
398,211,194,188
399,213,196,188
400,216,198,186
401,219,201,186
402,221,202,188
403,225,206,192
404,228,209,195
405,231,213,195
406,234,216,195
407,238,220,200
408,239,221,203
409,241,224,204
410,243,227,206
411,243,228,205
412,246,231,208
413,248,233,212
414,249,237,215
415,248,241,220
416,251,242,226
417,250,245,230
418,251,246,232
419,252,247,234
420,190,179,184
421,190,179,183
422,190,179,182
423,190,179,182
424,190,180,182
425,190,181,183
426,190,181,184
427,189,180,185
428,189,180,184
429,191,181,186
430,191,182,187
431,193,182,187
432,193,182,187
433,194,184,189
434,195,184,189
435,195,184,189
436,196,185,188
437,197,185,188
438,198,185,188
439,199,186,187
440,199,186,187
441,199,186,187
442,201,188,189
443,201,188,189
444,201,188,188
445,201,188,188
446,201,188,189
447,201,188,189
448,201,189,188
449,200,189,185
450,201,189,186
451,205,191,189
452,208,194,190
453,208,194,190
454,210,195,189
455,211,196,191
456,215,200,194
457,219,202,193
458,221,204,197
459,223,206,197
460,227,209,196
461,228,211,196
462,228,212,197
463,231,215,200
464,234,218,203
465,237,220,202
466,239,223,202
467,243,226,206
468,243,226,206
469,246,230,209
470,247,232,211
471,249,234,213
472,251,236,215
473,252,239,218
474,253,243,219
475,253,247,226
476,253,249,233
477,253,252,243
478,253,253,249
479,253,253,249
480,207,191,189
481,208,193,190
482,207,193,190
483,207,193,187
484,206,193,187
485,205,194,190
486,205,194,190
487,205,194,190
488,207,194,189
489,208,195,190
490,209,195,191
491,209,195,191
492,209,196,191
493,212,198,193
494,212,198,193
495,212,198,193
496,214,199,192
497,214,199,192
498,214,200,193
499,215,200,193
500,215,200,193
501,216,201,194
502,217,202,195
503,217,202,195
504,217,202,195
505,216,201,194
506,216,201,194
507,216,201,194
508,216,201,194
509,218,204,193
510,218,204,195
511,219,205,196
512,223,205,199
513,223,205,198
514,223,206,197
515,224,208,197
516,226,209,198
517,229,213,200
518,230,213,202
519,231,214,204
520,235,217,205
521,236,220,204
522,235,221,206
523,238,224,208
524,240,225,210
525,243,225,212
526,245,229,211
527,246,231,212
528,249,232,214
529,250,234,215
530,251,236,217
531,253,238,219
532,253,239,220
533,251,241,220
534,251,244,222
535,254,247,229
536,252,250,236
537,253,251,242
538,254,253,248
539,254,252,252
540,217,199,193
541,218,200,193
542,218,200,195
543,218,200,194
544,220,202,196
545,217,201,197
546,218,202,198
547,219,203,198
548,222,203,196
549,222,204,196
550,221,205,196
551,220,205,196
552,223,205,197
553,224,207,199
554,224,207,199
555,224,207,199
556,226,206,200
557,227,208,202
558,225,210,202
559,224,210,202
560,226,209,201
561,227,207,202
562,228,208,201
563,228,208,200
564,229,208,200
565,230,209,200
566,229,210,201
567,229,209,200
568,229,210,200
569,227,212,201
570,227,211,200
571,227,212,203
572,231,213,202
573,230,214,201
574,230,215,199
575,232,216,200
576,233,216,203
577,235,217,206
578,236,218,207
579,236,219,208
580,240,222,209
581,242,224,209
582,243,225,212
583,245,227,213
584,247,229,215
585,248,230,216
586,248,232,215
587,251,236,218
588,249,237,219
589,250,237,219
590,252,238,220
591,252,238,220
592,252,241,221
593,250,241,224
594,251,244,226
595,252,248,232
596,251,251,237
597,252,252,241
598,253,254,244
599,253,252,249
600,224,205,195
601,223,205,195
602,225,206,199
603,223,208,198
604,225,210,200
605,226,209,202
606,226,209,202
607,225,208,201
608,227,209,201
609,227,210,202
610,228,211,201
611,229,211,204
612,232,210,205
613,231,212,205
614,231,212,205
615,232,213,205
616,231,213,203
617,231,213,203
618,230,213,203
619,232,212,203
620,235,212,204
621,234,214,204
622,234,214,204
623,234,214,204
624,234,213,202
625,234,215,203
626,233,216,202
627,234,217,203
628,234,217,204
629,235,217,209
630,237,219,209
631,236,218,210
632,226,209,204
633,236,220,212
634,223,208,201
635,204,188,189
636,192,175,180
637,203,186,183
638,235,218,211
639,242,223,216
640,236,218,211
641,238,220,210
642,242,224,215
643,248,230,219
644,230,212,201
645,217,198,188
646,224,206,192
647,223,206,191
648,217,205,189
649,236,223,207
650,251,236,221
651,253,241,223
652,251,244,223
653,253,245,222
654,252,247,226
655,252,247,227
656,251,251,232
657,252,250,236
658,253,251,237
659,252,252,237
660,226,208,206
661,226,209,203
662,230,211,203
663,231,210,202
664,231,207,197
665,231,207,201
666,232,209,198
667,232,208,202
668,233,211,200
669,233,213,201
670,232,213,201
671,234,213,204
672,236,213,209
673,236,215,209
674,238,217,210
675,237,217,209
676,240,219,206
677,238,218,206
678,238,218,206
679,237,217,205
680,240,219,212
681,234,217,213
682,227,209,204
683,224,207,205
684,199,184,186
685,190,177,183
686,177,164,172
687,170,157,165
688,169,157,165
689,153,144,153
690,147,137,149
691,132,124,141
692,134,124,144
693,143,131,148
694,143,132,148
695,142,130,148
696,147,134,154
697,155,140,155
698,161,143,154
699,174,157,162
700,185,168,172
701,182,164,164
702,175,155,154
703,176,158,155
704,182,161,156
705,191,170,164
706,202,181,172
707,210,188,176
708,219,194,182
709,210,186,171
710,201,180,163
711,218,201,180
712,225,210,185
713,223,205,179
714,222,204,172
715,227,203,173
716,234,214,182
717,238,222,188
718,239,225,194
719,242,227,203
720,117,117,150
721,129,128,156
722,130,134,159
723,130,135,162
724,174,166,180
725,201,186,191
726,219,205,199
727,213,199,200
728,210,201,200
729,224,206,207
730,230,210,209
731,209,196,198
732,171,166,178
733,160,155,166
734,173,166,179
735,166,162,174
736,173,166,181
737,172,167,180
738,172,168,179
739,173,170,185
740,150,149,169
741,141,139,163
742,137,137,159
743,133,136,159
744,134,137,161
745,139,137,160
746,137,135,160
747,136,134,163
748,135,133,161
749,126,124,149
750,122,121,144
751,118,122,147
752,113,112,140
753,112,107,132
754,124,119,139
755,132,125,145
756,134,125,144
757,140,125,142
758,152,134,148
759,155,137,148
760,156,139,148
761,159,140,148
762,165,144,154
763,165,145,152
764,169,146,150
765,174,147,148
766,174,150,147
767,175,153,145
768,182,157,145
769,193,166,150
770,205,178,158
771,209,184,160
772,216,191,164
773,221,197,167
774,226,203,171
775,231,206,174
776,234,212,174
777,233,214,179
778,233,213,182
779,234,210,183
780,125,131,161
781,125,131,161
782,124,129,156
783,129,129,153
784,128,130,160
785,132,138,168
786,137,142,164
787,132,136,165
788,126,134,161
789,145,148,171
790,152,152,172
791,150,151,176
792,143,148,178
793,138,143,170
794,142,145,172
795,150,151,178
796,155,157,180
797,150,154,175
798,154,154,175
799,156,153,179
800,151,152,178
801,156,157,182
802,153,154,181
803,149,150,177
804,150,154,170
805,147,145,169
806,133,134,163
807,118,121,154
808,109,113,143
809,114,115,140
810,124,122,145
811,116,119,141
812,121,121,144
813,128,123,147
814,131,124,145
815,133,126,144
816,141,130,148
817,150,137,149
818,157,140,149
819,157,140,148
820,165,148,155
821,170,153,159
822,170,154,160
823,174,155,160
824,177,158,162
825,178,159,160
826,181,161,158
827,189,169,161
828,196,176,160
829,204,178,159
830,210,183,159
831,212,186,154
832,202,177,144
833,225,199,165
834,204,180,138
835,212,189,141
836,203,178,126
837,225,202,156
838,237,213,171
839,207,179,137
840,85,111,150
841,78,103,143
842,73,95,129
843,116,123,142
844,146,142,150
845,137,134,152
846,138,142,163
847,132,135,162
848,131,138,163
849,132,140,166
850,119,132,158
851,124,133,162
852,137,141,167
853,150,151,172
854,150,150,172
855,143,149,174
856,153,161,188
857,142,143,174
858,146,150,177
859,127,133,162
860,106,117,142
861,117,126,154
862,125,132,164
863,114,120,150
864,124,133,159
865,143,144,160
866,161,158,172
867,160,160,181
868,155,159,178
869,161,161,178
870,165,160,176
871,165,159,176
872,165,159,179
873,165,158,178
874,164,162,174
875,165,160,171
876,170,160,169
877,172,161,168
878,173,158,168
879,176,160,168
880,181,166,169
881,180,165,169
882,183,168,172
883,188,171,175
884,191,174,175
885,195,176,175
886,197,176,171
887,195,175,162
888,200,178,158
889,182,154,129
890,166,137,103
891,165,137,96
892,175,147,101
893,188,160,112
894,194,163,113
895,197,168,116
896,211,178,123
897,216,185,135
898,203,172,123
899,218,184,134
900,106,132,171
901,101,127,166
902,99,122,161
903,113,127,161
904,150,150,169
905,151,153,168
906,137,146,171
907,132,143,169
908,133,146,170
909,133,145,174
910,141,149,176
911,147,152,175
912,157,158,185
913,148,154,182
914,128,140,168
915,109,125,161
916,102,117,147
917,76,95,119
918,81,103,134
919,85,106,141
920,85,110,138
921,92,110,134
922,105,117,142
923,105,113,131
924,85,96,124
925,101,107,128
926,150,146,150
927,122,123,133
928,117,123,134
929,131,130,141
930,155,151,159
931,172,170,183
932,176,174,186
933,176,173,178
934,167,158,168
935,152,150,164
936,144,146,162
937,139,136,149
938,140,132,145
939,168,160,169
940,171,164,174
941,164,156,167
942,155,147,157
943,126,114,123
944,122,109,112
945,146,129,126
946,142,122,116
947,130,111,97
948,141,121,100
949,146,120,97
950,159,131,102
951,173,147,107
952,180,155,106
953,189,159,112
954,193,161,113
955,193,166,117
956,206,175,123
957,203,174,128
958,199,171,128
959,211,179,135
960,189,193,210
961,188,191,208
962,192,195,211
963,196,200,214
964,201,200,207
965,200,194,201
966,180,179,192
967,176,184,197
968,179,180,191
969,194,190,199
970,195,192,208
971,179,183,200
972,110,115,131
973,82,96,115
974,80,91,112
975,88,98,118
976,75,83,83
977,88,73,59
978,117,103,99
979,138,132,138
980,74,72,88
981,63,60,66
982,98,94,90
983,152,151,151
984,136,144,163
985,117,134,156
986,118,133,150
987,113,128,153
988,111,126,151
989,105,122,145
990,105,123,146
991,105,119,140
992,109,118,132
993,143,143,138
994,141,138,134
995,127,134,140
996,98,109,127
997,100,108,128
998,109,113,130
999,110,113,126
1000,113,115,127
1001,119,120,130
1002,119,118,128
1003,125,122,128
1004,132,124,122
1005,141,125,119
1006,152,132,123
1007,151,134,122
1008,161,142,128
1009,173,150,133
1010,180,156,135
1011,181,158,130
1012,189,167,129
1013,192,169,132
1014,194,172,132
1015,202,176,136
1016,202,176,133
1017,200,175,139
1018,193,169,138
1019,206,178,145
1020,217,218,227
1021,201,202,212
1022,214,216,228
1023,198,204,217
1024,133,151,163
1025,79,104,113
1026,59,72,84
1027,27,42,49
1028,50,62,55
1029,81,90,82
1030,92,101,90
1031,75,88,74
1032,67,70,50
1033,83,78,56
1034,102,91,68
1035,105,86,60
1036,116,90,55
1037,130,101,54
1038,144,112,52
1039,165,131,65
1040,160,128,72
1041,135,109,62
1042,120,96,56
1043,119,97,72
1044,123,120,111
1045,142,161,179
1046,151,172,189
1047,155,172,195
1048,144,163,187
1049,121,143,167
1050,121,140,166
1051,117,133,155
1052,115,131,153
1053,128,139,153
1054,127,136,149
1055,130,141,160
1056,131,144,165
1057,138,147,166
1058,146,153,169
1059,148,152,166
1060,145,148,160
1061,141,142,151
1062,153,151,158
1063,162,158,161
1064,162,154,153
1065,158,145,143
1066,164,147,142
1067,176,159,152
1068,184,166,157
1069,191,172,158
1070,194,178,159
1071,200,181,159
1072,210,191,162
1073,211,191,161
1074,209,189,159
1075,212,188,159
1076,212,188,160
1077,206,185,161
1078,206,186,166
1079,213,191,170
1080,189,195,195
1081,117,123,121
1082,90,101,100
1083,66,75,75
1084,86,86,74
1085,100,98,79
1086,132,119,78
1087,170,150,87
1088,183,153,78
1089,180,151,73
1090,172,147,73
1091,157,138,70
1092,178,158,88
1093,192,163,91
1094,145,120,70
1095,153,123,67
1096,183,145,80
1097,179,144,78
1098,175,140,73
1099,179,144,68
1100,182,147,68
1101,189,151,67
1102,193,157,64
1103,206,168,76
1104,197,164,90
1105,199,178,139
1106,191,191,178
1107,178,188,192
1108,162,180,197
1109,162,176,192
1110,172,183,198
1111,168,183,197
1112,156,171,191
1113,153,170,189
1114,150,166,188
1115,159,172,191
1116,162,175,191
1117,166,176,188
1118,164,171,181
1119,164,167,179
1120,151,152,162
1121,152,150,157
1122,165,163,167
1123,172,167,167
1124,168,157,159
1125,163,148,151
1126,162,149,148
1127,171,159,153
1128,170,158,151
1129,183,167,156
1130,194,178,163
1131,202,185,167
1132,204,187,163
1133,204,186,161
1134,202,184,161
1135,210,188,166
1136,207,186,165
1137,203,184,164
1138,205,188,172
1139,213,193,175
1140,166,145,95
1141,177,151,87
1142,194,164,86
1143,199,168,76
1144,202,171,76
1145,208,171,77
1146,217,174,84
1147,218,174,80
1148,216,175,72
1149,216,174,76
1150,217,174,77
1151,206,169,82
1152,191,157,78
1153,178,144,74
1154,141,116,64
1155,147,130,52
1156,134,109,50
1157,164,136,74
1158,188,150,76
1159,194,158,77
1160,198,164,79
1161,191,157,74
1162,193,156,75
1163,201,164,75
1164,210,170,81
1165,217,178,92
1166,217,181,101
1167,211,186,122
1168,208,195,168
1169,213,208,204
1170,161,163,161
1171,188,201,207
1172,188,200,209
1173,182,194,201
1174,178,189,202
1175,176,189,203
1176,180,192,203
1177,192,199,210
1178,191,196,206
1179,190,193,202
1180,190,189,196
1181,197,195,202
1182,200,197,201
1183,207,199,198
1184,211,200,201
1185,211,199,199
1186,211,201,197
1187,206,198,192
1188,211,200,193
1189,212,199,190
1190,221,205,194
1191,220,201,189
1192,225,207,191
1193,223,207,189
1194,225,210,190
1195,237,224,204
1196,226,213,191
1197,200,183,164
1198,189,170,153
1199,181,156,138
1200,122,115,33
1201,155,141,41
1202,169,147,48
1203,160,140,45
1204,146,129,49
1205,151,135,59
1206,176,152,76
1207,216,176,88
1208,219,182,97
1209,220,181,97
1210,218,178,82
1211,222,182,89
1212,178,153,76
1213,140,125,69
1214,104,87,48
1215,124,105,50
1216,99,91,53
1217,123,108,64
1218,176,146,75
1219,194,159,79
1220,207,173,84
1221,209,171,91
1222,208,170,91
1223,208,172,94
1224,202,163,96
1225,203,167,95
1226,214,182,105
1227,203,169,106
1228,168,135,92
1229,195,167,119
1230,136,113,73
1231,202,188,158
1232,187,177,158
1233,168,159,144
1234,194,193,194
1235,201,207,218
1236,200,208,218
1237,202,210,217
1238,199,202,203
1239,207,207,211
1240,210,210,207
1241,213,213,211
1242,220,216,216
1243,228,219,217
1244,232,222,220
1245,237,227,221
1246,244,232,223
1247,245,232,224
1248,246,236,225
1249,250,239,227
1250,250,239,227
1251,248,237,226
1252,249,240,225
1253,243,233,215
1254,210,199,176
1255,241,233,218
1256,209,199,183
1257,165,153,131
1258,153,138,120
1259,113,92,77
1260,143,131,33
1261,153,135,37
1262,151,140,51
1263,109,111,45
1264,65,81,51
1265,42,68,45
1266,82,95,56
1267,170,153,84
1268,210,180,89
1269,223,190,80
1270,219,187,63
1271,201,174,53
1272,153,142,70
1273,57,64,46
1274,64,72,47
1275,116,103,60
1276,118,110,60
1277,119,107,57
1278,138,121,63
1279,173,150,76
1280,170,152,82
1281,192,164,89
1282,197,174,93
1283,206,183,106
1284,201,174,108
1285,193,167,103
1286,189,163,103
1287,191,162,107
1288,206,173,120
1289,211,179,120
1290,220,185,125
1291,220,187,122
1292,221,195,139
1293,184,163,116
1294,160,145,117
1295,218,210,197
1296,220,217,214
1297,212,214,212
1298,165,164,161
1299,215,212,209
1300,219,218,215
1301,171,170,163
1302,211,201,196
1303,240,233,228
1304,239,234,228
1305,242,237,227
1306,247,237,227
1307,246,235,229
1308,246,238,229
1309,249,241,228
1310,250,242,229
1311,250,242,229
1312,249,241,228
1313,196,187,169
1314,150,133,109
1315,215,203,186
1316,173,162,147
1317,97,86,69
1318,95,84,69
1319,83,71,56
1320,137,131,42
1321,158,152,50
1322,84,96,52
1323,29,62,52
1324,17,64,55
1325,23,70,58
1326,29,70,54
1327,47,78,50
1328,88,111,61
1329,129,136,69
1330,193,181,82
1331,233,199,84
1332,214,196,83
1333,96,102,59
1334,42,56,51
1335,106,104,51
1336,107,105,54
1337,102,99,59
1338,106,103,65
1339,140,132,74
1340,96,96,60
1341,139,131,74
1342,113,108,61
1343,149,143,83
1344,155,143,90
1345,160,146,85
1346,166,152,95
1347,186,163,103
1348,217,186,114
1349,213,184,120
1350,222,194,126
1351,219,192,122
1352,227,198,134
1353,221,195,127
1354,192,169,120
1355,177,157,112
1356,207,190,149
1357,204,194,168
1358,161,156,142
1359,160,155,144
1360,199,193,193
1361,168,163,160
1362,199,192,187
1363,229,225,222
1364,229,226,223
1365,227,222,217
1366,233,227,219
1367,233,225,219
1368,219,215,206
1369,233,226,213
1370,224,215,204
1371,209,200,188
1372,238,227,214
1373,134,122,104
1374,103,88,67
1375,187,175,155
1376,139,129,114
1377,78,71,56
1378,76,70,57
1379,76,72,59
1380,141,143,43
1381,68,89,50
1382,28,70,55
1383,15,64,63
1384,21,73,57
1385,21,68,59
1386,26,69,58
1387,25,75,66
1388,29,80,66
1389,43,83,66
1390,91,106,68
1391,186,167,88
1392,224,198,101
1393,205,183,96
1394,144,131,82
1395,107,102,62
1396,91,93,53
1397,46,58,48
1398,61,79,58
1399,121,123,79
1400,107,110,71
1401,107,107,68
1402,80,82,66
1403,81,81,59
1404,144,140,87
1405,144,142,94
1406,118,117,71
1407,126,114,75
1408,190,168,109
1409,216,189,117
1410,216,188,120
1411,223,196,128
1412,231,202,134
1413,231,201,134
1414,228,197,133
1415,220,193,138
1416,195,173,127
1417,141,134,108
1418,158,153,129
1419,205,194,161
1420,212,200,169
1421,189,176,158
1422,191,183,168
1423,204,197,187
1424,210,201,191
1425,171,162,154
1426,206,204,197
1427,165,169,167
1428,149,154,145
1429,181,179,173
1430,118,123,120
1431,113,115,113
1432,196,187,176
1433,91,85,72
1434,88,80,67
1435,167,158,145
1436,94,90,77
1437,73,72,59
1438,74,72,61
1439,71,72,58
1440,123,144,46
1441,25,63,59
1442,22,68,53
1443,26,69,59
1444,28,73,60
1445,24,69,63
1446,27,76,57
1447,88,109,77
1448,47,92,68
1449,42,90,78
1450,65,97,69
1451,150,151,86
1452,195,179,75
1453,208,189,76
1454,213,190,90
1455,216,198,90
1456,207,191,98
1457,168,156,91
1458,140,134,68
1459,78,88,49
1460,70,81,58
1461,103,100,66
1462,94,96,64
1463,115,123,74
1464,114,123,79
1465,107,114,86
1466,107,109,73
1467,181,172,106
1468,192,176,105
1469,197,178,106
1470,215,192,126
1471,215,191,120
1472,228,204,135
1473,227,202,138
1474,223,200,135
1475,193,171,119
1476,223,201,149
1477,218,199,150
1478,184,169,134
1479,192,177,139
1480,201,187,151
1481,190,180,150
1482,203,191,153
1483,213,198,166
1484,207,199,175
1485,92,101,95
1486,163,167,165
1487,107,117,117
1488,119,126,126
1489,111,119,125
1490,48,68,73
1491,57,74,74
1492,158,159,150
1493,79,80,68
1494,73,74,65
1495,122,125,115
1496,74,78,66
1497,70,70,60
1498,70,70,62
1499,68,67,59
1500,103,121,71
1501,90,111,62
1502,49,73,61
1503,79,104,78
1504,53,93,74
1505,35,90,69
1506,39,74,67
1507,97,103,76
1508,66,103,77
1509,44,93,70
1510,72,104,68
1511,117,130,68
1512,147,152,67
1513,160,159,66
1514,162,160,68
1515,184,180,79
1516,176,174,80
1517,167,157,62
1518,216,200,81
1519,226,211,92
1520,227,207,101
1521,193,175,97
1522,111,108,74
1523,111,112,79
1524,75,84,75
1525,112,118,84
1526,95,103,69
1527,170,163,104
1528,169,165,103
1529,182,176,120
1530,188,178,115
1531,220,203,134
1532,221,200,134
1533,224,203,142
1534,225,205,150
1535,217,197,139
1536,222,201,144
1537,233,209,149
1538,236,209,151
1539,229,209,155
1540,203,190,147
1541,179,168,134
1542,197,187,149
1543,177,179,153
1544,81,109,101
1545,40,72,75
1546,49,79,84
1547,43,76,78
1548,67,88,92
1549,53,78,88
1550,38,65,70
1551,50,74,74
1552,82,95,86
1553,86,104,86
1554,100,119,94
1555,98,117,94
1556,70,79,68
1557,68,71,66
1558,64,68,63
1559,60,64,60
1560,38,64,55
1561,84,100,72
1562,45,72,62
1563,48,75,62
1564,24,62,51
1565,20,67,60
1566,7,49,56
1567,18,48,48
1568,37,75,63
1569,27,72,65
1570,44,83,66
1571,45,88,59
1572,49,97,57
1573,55,102,63
1574,49,97,64
1575,46,92,56
1576,64,105,64
1577,79,116,75
1578,76,113,66
1579,99,128,72
1580,134,156,90
1581,168,176,97
1582,185,194,116
1583,152,168,113
1584,81,103,81
1585,68,88,75
1586,89,110,88
1587,77,105,89
1588,53,89,77
1589,82,108,83
1590,117,137,101
1591,131,141,100
1592,197,189,127
1593,218,201,142
1594,220,197,134
1595,217,199,136
1596,227,207,141
1597,225,204,142
1598,229,208,146
1599,213,200,145
1600,168,162,123
1601,211,206,156
1602,138,144,124
1603,78,103,101
1604,33,74,83
1605,25,66,75
1606,28,66,77
1607,32,67,78
1608,23,60,71
1609,28,65,72
1610,51,78,81
1611,51,75,69
1612,101,127,103
1613,105,130,102
1614,97,122,93
1615,94,118,94
1616,66,79,67
1617,63,70,69
1618,59,66,64
1619,51,59,59
1620,4,44,48
1621,6,48,56
1622,7,53,59
1623,6,39,55
1624,6,45,56
1625,3,41,53
1626,6,46,57
1627,14,48,54
1628,29,65,60
1629,20,67,64
1630,25,79,74
1631,22,85,76
1632,20,86,71
1633,18,79,70
1634,21,85,74
1635,28,92,77
1636,34,96,76
1637,25,82,68
1638,29,90,77
1639,28,90,76
1640,25,81,73
1641,20,68,68
1642,59,111,85
1643,61,111,89
1644,62,108,98
1645,51,96,91
1646,58,104,94
1647,31,77,78
1648,17,66,79
1649,18,71,79
1650,39,95,91
1651,66,106,98
1652,76,104,86
1653,166,173,138
1654,184,175,126
1655,217,204,145
1656,224,206,137
1657,232,210,144
1658,227,207,145
1659,133,138,117
1660,72,93,96
1661,93,118,109
1662,40,75,77
1663,27,67,76
1664,27,67,77
1665,27,62,73
1666,24,57,68
1667,22,57,72
1668,35,75,82
1669,61,96,94
1670,64,90,87
1671,49,71,70
1672,89,114,97
1673,88,108,91
1674,74,93,78
1675,70,91,75
1676,62,78,70
1677,62,72,72
1678,58,67,69
1679,57,66,69
1680,39,73,70
1681,17,61,68
1682,10,58,62
1683,6,44,53
1684,22,67,68
1685,5,45,58
1686,15,60,64
1687,8,46,55
1688,19,58,61
1689,8,57,62
1690,5,54,53
1691,16,68,64
1692,20,72,66
1693,9,56,63
1694,12,65,68
1695,17,73,71
1696,21,73,72
1697,27,77,80
1698,17,75,74
1699,14,72,77
1700,11,63,75
1701,11,68,66
1702,21,81,76
1703,3,58,67
1704,13,66,77
1705,16,71,75
1706,49,110,101
1707,47,104,101
1708,35,85,94
1709,20,74,86
1710,20,81,90
1711,31,86,93
1712,30,83,95
1713,48,91,91
1714,91,115,109
1715,137,152,132
1716,186,189,150
1717,210,208,156
1718,186,192,146
1719,53,86,85
1720,31,81,93
1721,29,76,90
1722,24,62,81
1723,27,58,73
1724,32,63,75
1725,30,66,72
1726,50,87,93
1727,65,108,100
1728,73,119,103
1729,58,95,86
1730,54,78,76
1731,47,64,68
1732,68,86,77
1733,69,81,76
1734,61,75,71
1735,63,82,77
1736,56,76,73
1737,53,67,71
1738,51,63,69
1739,56,69,71
1740,22,57,45
1741,17,61,53
1742,15,62,60
1743,9,54,58
1744,15,63,66
1745,21,65,71
1746,20,71,65
1747,9,53,57
1748,11,53,62
1749,10,56,69
1750,5,52,64
1751,6,52,62
1752,3,46,49
1753,23,71,66
1754,22,77,71
1755,6,62,64
1756,8,61,65
1757,26,83,80
1758,10,76,68
1759,5,59,69
1760,5,51,66
1761,11,57,69
1762,9,58,69
1763,6,53,70
1764,10,59,74
1765,13,64,73
1766,23,83,86
1767,9,65,68
1768,25,80,87
1769,15,73,79
1770,17,75,85
1771,30,89,95
1772,41,92,103
1773,25,77,90
1774,30,78,96
1775,48,93,107
1776,81,122,125
1777,78,119,127
1778,39,86,98
1779,13,66,87
1780,19,70,86
1781,20,67,86
1782,25,63,79
1783,31,66,77
1784,32,67,72
1785,55,96,97
1786,32,75,78
1787,61,104,95
1788,69,113,104
1789,37,69,72
1790,50,73,78
1791,50,67,72
1792,69,87,82
1793,64,77,74
1794,60,74,72
1795,54,73,73
1796,47,66,69
1797,46,63,71
1798,43,57,66
1799,51,66,73
1800,198,195,48
1801,147,159,67
1802,112,137,67
1803,76,111,67
1804,61,105,67
1805,57,101,71
1806,49,96,73
1807,38,87,76
1808,26,74,64
1809,21,70,64
1810,14,65,64
1811,23,65,66
1812,31,69,61
1813,22,63,46
1814,27,73,56
1815,8,54,59
1816,6,57,65
1817,16,71,73
1818,7,62,60
1819,5,50,60
1820,9,57,60
1821,15,63,64
1822,19,67,72
1823,5,48,57
1824,3,50,63
1825,10,60,72
1826,9,64,67
1827,19,75,74
1828,10,67,73
1829,16,73,82
1830,14,72,87
1831,16,80,93
1832,32,95,98
1833,38,95,95
1834,23,80,92
1835,17,74,95
1836,30,87,98
1837,18,81,98
1838,9,73,89
1839,15,69,84
1840,22,68,86
1841,26,71,86
1842,29,67,82
1843,37,75,85
1844,36,78,81
1845,35,84,86
1846,30,74,84
1847,38,79,81
1848,36,72,73
1849,34,62,73
1850,41,66,74
1851,45,67,72
1852,47,67,71
1853,48,68,70
1854,49,68,68
1855,45,65,66
1856,45,65,70
1857,38,57,65
1858,36,53,65
1859,39,57,70
1860,205,198,28
1861,167,164,29
1862,188,190,32
1863,148,164,42
1864,122,153,61
1865,96,133,62
1866,80,123,55
1867,76,126,57
1868,70,129,73
1869,57,124,80
1870,41,106,77
1871,18,62,54
1872,8,43,42
1873,14,47,40
1874,18,52,42
1875,27,68,63
1876,16,63,70
1877,12,64,67
1878,12,61,64
1879,15,57,64
1880,16,62,60
1881,21,67,67
1882,22,64,64
1883,14,54,57
1884,13,55,65
1885,8,54,66
1886,14,61,62
1887,18,70,64
1888,19,63,69
1889,11,59,68
1890,5,61,74
1891,9,63,75
1892,32,86,86
1893,19,69,64
1894,23,78,85
1895,3,62,83
1896,14,72,84
1897,26,85,96
1898,18,68,82
1899,24,70,78
1900,30,76,84
1901,25,67,75
1902,13,58,66
1903,25,72,81
1904,26,76,87
1905,10,66,76
1906,11,57,73
1907,30,69,79
1908,26,66,75
1909,27,62,70
1910,33,62,70
1911,32,60,65
1912,31,54,62
1913,37,60,68
1914,38,62,66
1915,37,61,65
1916,41,62,67
1917,32,54,59
1918,34,57,66
1919,44,66,79
1920,159,170,33
1921,86,96,19
1922,120,123,24
1923,154,163,40
1924,149,166,42
1925,126,149,43
1926,132,158,64
1927,135,162,70
1928,109,141,65
1929,73,123,63
1930,48,109,60
1931,27,76,47
1932,19,54,44
1933,21,57,44
1934,28,67,45
1935,49,94,63
1936,62,117,81
1937,56,112,78
1938,54,104,75
1939,26,71,46
1940,51,102,72
1941,47,96,70
1942,46,88,65
1943,59,105,78
1944,35,79,58
1945,32,79,62
1946,26,74,64
1947,36,85,72
1948,21,55,56
1949,26,65,65
1950,21,68,69
1951,9,59,60
1952,23,73,63
1953,6,51,49
1954,29,76,76
1955,12,68,77
1956,17,80,80
1957,28,91,92
1958,22,73,76
1959,15,61,63
1960,16,66,66
1961,33,80,76
1962,21,70,73
1963,9,57,67
1964,6,56,71
1965,2,48,63
1966,4,45,59
1967,9,49,60
1968,19,62,67
1969,24,65,66
1970,21,54,61
1971,22,53,59
1972,31,59,65
1973,34,64,68
1974,26,54,58
1975,32,57,60
1976,37,60,64
1977,33,56,56
1978,52,78,74
1979,47,72,80
1980,121,143,39
1981,62,79,20
1982,81,91,28
1983,100,117,28
1984,93,124,37
1985,95,131,44
1986,82,122,43
1987,89,130,47
1988,98,139,58
1989,83,129,56
1990,66,116,54
1991,47,102,49
1992,53,101,53
1993,73,123,63
1994,64,123,58
1995,61,115,58
1996,56,114,60
1997,41,101,52
1998,48,107,54
1999,44,94,47
2000,55,107,59
2001,30,76,47
2002,30,64,47
2003,57,108,70
2004,25,68,41
2005,33,76,48
2006,37,82,54
2007,80,126,96
2008,95,138,109
2009,106,150,106
2010,95,141,94
2011,102,152,110
2012,86,141,99
2013,48,98,73
2014,40,78,66
2015,51,103,86
2016,38,98,82
2017,21,76,70
2018,37,89,68
2019,20,68,65
2020,14,61,59
2021,13,65,60
2022,20,68,74
2023,5,50,59
2024,1,51,61
2025,5,55,62
2026,11,65,65
2027,20,73,70
2028,19,73,68
2029,19,58,61
2030,16,45,53
2031,20,53,58
2032,36,75,78
2033,35,72,73
2034,22,52,60
2035,34,57,59
2036,95,112,57
2037,126,133,64
2038,147,159,76
2039,77,88,54
2040,123,136,14
2041,98,124,21
2042,90,116,24
2043,114,144,29
2044,111,142,33
2045,98,132,36
2046,83,125,47
2047,63,111,44
2048,53,106,44
2049,68,119,54
2050,59,106,47
2051,38,83,37
2052,30,72,37
2053,61,103,54
2054,76,132,73
2055,72,130,67
2056,71,122,52
2057,64,115,54
2058,45,106,55
2059,46,102,51
2060,57,109,49
2061,49,95,51
2062,43,87,45
2063,75,125,71
2064,54,98,53
2065,57,99,55
2066,55,98,57
2067,89,129,86
2068,52,87,56
2069,16,39,22
2070,18,46,19
2071,57,94,42
2072,100,149,95
2073,55,106,68
2074,39,85,61
2075,69,122,93
2076,83,142,96
2077,64,115,91
2078,25,73,43
2079,21,66,57
2080,29,71,70
2081,13,54,58
2082,15,61,68
2083,21,79,74
2084,21,79,73
2085,20,78,70
2086,15,77,67
2087,11,71,63
2088,13,66,62
2089,5,50,53
2090,10,41,49
2091,16,56,56
2092,22,68,65
2093,31,73,67
2094,27,60,63
2095,48,64,47
2096,124,124,32
2097,147,136,32
2098,180,170,28
2099,172,161,48
2100,180,185,24
2101,128,148,24
2102,93,115,17
2103,87,111,20
2104,87,116,26
2105,67,97,20
2106,68,102,27
2107,65,105,37
2108,49,94,32
2109,70,116,43
2110,81,127,48
2111,87,129,52
2112,83,131,59
2113,80,128,58
2114,78,130,59
2115,82,134,57
2116,123,149,52
2117,137,154,46
2118,98,138,45
2119,88,135,51
2120,87,137,55
2121,89,138,58
2122,77,129,55
2123,72,121,51
2124,81,129,58
2125,104,148,75
2126,40,75,32
2127,42,74,40
2128,14,39,19
2129,6,21,12
2130,8,26,11
2131,33,64,25
2132,115,157,105
2133,123,167,124
2134,114,160,118
2135,108,154,105
2136,89,135,90
2137,46,84,55
2138,42,79,44
2139,47,88,64
2140,44,85,68
2141,34,74,65
2142,29,75,68
2143,23,76,76
2144,13,57,61
2145,2,43,45
2146,11,56,54
2147,19,70,65
2148,31,76,72
2149,17,62,62
2150,28,67,71
2151,27,69,65
2152,35,79,73
2153,24,62,55
2154,21,53,52
2155,61,81,43
2156,112,110,29
2157,131,124,35
2158,163,148,32
2159,177,164,39
2160,204,197,20
2161,171,180,29
2162,151,162,24
2163,130,151,25
2164,110,148,35
2165,97,135,41
2166,95,133,47
2167,85,128,39
2168,83,124,42
2169,89,130,50
2170,92,126,35
2171,103,126,28
2172,99,137,36
2173,112,146,34
2174,101,141,29
2175,107,146,41
2176,139,141,28
2177,176,156,41
2178,168,167,33
2179,135,160,40
2180,100,137,45
2181,97,142,52
2182,98,146,57
2183,100,142,58
2184,104,146,63
2185,100,147,60
2186,70,110,49
2187,69,110,47
2188,76,123,46
2189,102,143,62
2190,106,147,66
2191,98,136,55
2192,126,165,74
2193,127,167,87
2194,122,164,96
2195,148,165,77
2196,104,122,50
2197,5,34,23
2198,13,44,26
2199,19,58,37
2200,24,61,43
2201,37,72,54
2202,27,66,57
2203,29,77,75
2204,34,74,57
2205,30,71,64
2206,94,116,56
2207,121,133,52
2208,77,98,53
2209,20,62,61
2210,24,68,62
2211,28,71,61
2212,21,54,55
2213,19,52,48
2214,38,65,50
2215,59,76,28
2216,113,107,33
2217,125,115,33
2218,140,125,30
2219,135,123,27
2220,185,182,12
2221,144,146,18
2222,118,125,16
2223,125,147,28
2224,103,138,34
2225,107,143,44
2226,109,144,46
2227,115,149,41
2228,106,145,35
2229,89,129,37
2230,83,115,34
2231,100,121,30
2232,117,139,32
2233,150,153,31
2234,124,140,30
2235,97,115,23
2236,129,118,26
2237,125,109,22
2238,125,129,22
2239,91,110,22
2240,89,116,26
2241,110,144,39
2242,103,144,55
2243,82,133,44
2244,71,118,36
2245,90,132,46
2246,116,162,70
2247,79,123,38
2248,88,140,49
2249,92,143,41
2250,92,140,33
2251,105,142,38
2252,91,129,15
2253,95,128,29
2254,114,156,53
2255,145,145,45
2256,187,180,54
2257,73,103,44
2258,31,64,30
2259,9,45,21
2260,15,46,33
2261,21,52,45
2262,34,81,71
2263,28,77,57
2264,90,108,52
2265,118,136,54
2266,166,158,32
2267,197,176,35
2268,175,163,45
2269,15,46,45
2270,27,60,65
2271,26,55,57
2272,17,41,49
2273,11,42,45
2274,36,59,36
2275,82,89,29
2276,111,107,33
2277,101,95,26
2278,108,99,20
2279,136,126,32
2280,198,194,30
2281,186,189,38
2282,186,183,31
2283,162,170,25
2284,122,140,36
2285,127,148,34
2286,112,144,28
2287,118,145,22
2288,107,140,25
2289,82,118,23
2290,68,102,20
2291,58,87,20
2292,66,85,28
2293,44,55,12
2294,53,68,11
2295,74,82,22
2296,101,105,23
2297,101,109,18
2298,93,107,19
2299,98,119,28
2300,95,119,21
2301,154,170,42
2302,169,181,41
2303,131,160,34
2304,94,137,34
2305,85,136,37
2306,77,126,28
2307,85,131,34
2308,77,127,39
2309,79,127,39
2310,121,154,43
2311,134,157,37
2312,107,145,27
2313,100,136,19
2314,94,127,24
2315,93,90,23
2316,199,183,34
2317,143,173,48
2318,117,155,65
2319,96,135,64
2320,65,99,47
2321,47,81,43
2322,62,103,65
2323,35,62,32
2324,37,46,12
2325,56,62,13
2326,144,129,24
2327,206,187,26
2328,214,203,37
2329,80,106,57
2330,35,77,67
2331,19,55,56
2332,13,44,45
2333,31,64,65
2334,53,84,53
2335,89,92,23
2336,91,89,21
2337,94,88,31
2338,69,66,15
2339,105,102,31
2340,178,172,28
2341,165,168,19
2342,196,197,28
2343,187,187,26
2344,179,182,38
2345,176,177,24
2346,167,179,28
2347,161,170,28
2348,137,151,32
2349,82,102,12
2350,50,70,15
2351,29,46,15
2352,61,73,21
2353,44,52,15
2354,40,55,11
2355,37,57,11
2356,54,76,13
2357,79,97,21
2358,97,116,23
2359,83,106,19
2360,83,102,23
2361,129,130,22
2362,167,159,23
2363,194,186,43
2364,154,162,31
2365,100,123,27
2366,74,114,21
2367,60,107,27
2368,73,117,36
2369,76,112,25
2370,125,137,23
2371,164,161,30
2372,113,137,21
2373,113,145,26
2374,100,127,29
2375,61,64,17
2376,164,154,41
2377,110,129,23
2378,95,133,36
2379,106,150,40
2380,112,153,55
2381,110,152,59
2382,79,111,51
2383,29,39,11
2384,21,34,10
2385,29,36,14
2386,97,86,29
2387,156,140,36
2388,182,165,21
2389,173,175,50
2390,93,139,97
2391,75,125,96
2392,62,107,80
2393,41,81,68
2394,51,83,45
2395,113,121,36
2396,102,104,27
2397,96,90,22
2398,91,86,28
2399,102,103,30
2400,230,217,19
2401,224,215,26
2402,202,196,22
2403,177,178,29
2404,156,162,25
2405,171,171,29
2406,174,176,30
2407,213,211,23
2408,219,215,24
2409,211,207,35
2410,171,167,34
2411,103,107,15
2412,49,61,6
2413,45,61,9
2414,48,68,11
2415,44,67,9
2416,50,78,12
2417,73,95,18
2418,78,89,25
2419,42,55,18
2420,61,74,14
2421,113,115,27
2422,44,52,15
2423,61,68,16
2424,98,104,26
2425,102,99,25
2426,132,145,33
2427,94,119,19
2428,85,112,17
2429,100,116,18
2430,158,152,28
2431,189,172,34
2432,164,169,25
2433,146,162,20
2434,133,138,27
2435,137,126,39
2436,135,122,29
2437,119,140,24
2438,99,138,23
2439,115,145,31
2440,117,149,28
2441,107,134,35
2442,26,42,11
2443,29,34,9
2444,50,56,21
2445,86,87,37
2446,136,130,43
2447,147,137,39
2448,166,157,32
2449,170,170,37
2450,100,133,75
2451,101,141,95
2452,81,127,80
2453,59,101,68
2454,73,106,67
2455,104,111,36
2456,100,103,29
2457,90,85,27
2458,104,91,32
2459,124,110,34
2460,222,212,16
2461,221,211,20
2462,209,203,23
2463,165,170,23
2464,104,116,25
2465,96,117,25
2466,84,109,19
2467,93,115,21
2468,92,122,24
2469,113,141,20
2470,152,167,22
2471,179,185,27
2472,202,200,45
2473,186,186,31
2474,149,154,31
2475,117,121,38
2476,90,109,19
2477,120,125,21
2478,157,157,42
2479,91,94,24
2480,104,102,31
2481,82,73,18
2482,18,28,13
2483,14,18,8
2484,19,28,13
2485,16,33,15
2486,90,98,27
2487,209,206,31
2488,223,213,36
2489,175,169,29
2490,208,194,34
2491,219,198,20
2492,216,206,21
2493,208,199,28
2494,153,137,21
2495,159,136,28
2496,192,171,39
2497,175,172,30
2498,156,161,31
2499,137,147,28
2500,151,167,24
2501,134,149,32
2502,98,119,31
2503,106,131,30
2504,93,118,19
2505,75,100,11
2506,86,107,13
2507,91,117,13
2508,108,131,21
2509,116,136,23
2510,123,148,35
2511,114,141,44
2512,117,142,43
2513,123,145,55
2514,113,133,52
2515,97,102,31
2516,76,78,16
2517,72,72,18
2518,84,84,26
2519,114,109,30
2520,219,207,23
2521,223,213,24
2522,232,215,14
2523,233,224,32
2524,192,197,37
2525,127,145,36
2526,94,116,24
2527,73,94,15
2528,85,103,16
2529,104,116,22
2530,123,131,21
2531,133,142,23
2532,137,144,20
2533,171,176,24
2534,147,156,18
2535,118,133,16
2536,115,133,17
2537,107,110,22
2538,78,79,18
2539,69,73,19
2540,69,67,19
2541,54,51,12
2542,15,23,5
2543,77,73,41
2544,18,21,7
2545,8,18,6
2546,46,60,19
2547,106,111,24
2548,147,149,24
2549,207,196,26
2550,222,204,23
2551,225,209,21
2552,206,195,14
2553,181,172,30
2554,105,106,32
2555,41,40,10
2556,68,71,12
2557,93,106,17
2558,104,131,20
2559,78,108,17
2560,78,110,16
2561,89,115,19
2562,78,108,17
2563,78,115,21
2564,80,112,21
2565,89,118,22
2566,86,119,16
2567,87,122,22
2568,92,121,15
2569,104,132,21
2570,103,131,16
2571,103,120,16
2572,118,136,19
2573,124,141,10
2574,139,154,23
2575,131,140,27
2576,142,141,45
2577,122,117,43
2578,102,91,26
2579,111,98,25
2580,188,182,29
2581,147,142,20
2582,172,164,29
2583,120,124,23
2584,82,85,12
2585,99,113,36
2586,80,88,25
2587,147,160,39
2588,162,169,31
2589,170,175,23
2590,188,178,16
2591,211,196,17
2592,218,203,24
2593,227,211,21
2594,235,219,31
2595,234,218,28
2596,237,220,28
2597,212,197,31
2598,201,188,44
2599,204,190,39
2600,207,189,35
2601,191,178,33
2602,159,149,38
2603,195,181,46
2604,143,139,37
2605,119,122,43
2606,90,96,24
2607,150,154,36
2608,124,130,25
2609,147,157,23
2610,151,153,26
2611,163,165,25
2612,140,150,23
2613,94,112,23
2614,69,91,22
2615,51,79,16
2616,72,103,21
2617,74,114,24
2618,55,98,12
2619,44,88,10
2620,81,119,22
2621,99,126,22
2622,106,134,29
2623,88,118,21
2624,92,123,15
2625,95,126,14
2626,96,126,13
2627,107,131,15
2628,116,138,23
2629,118,136,18
2630,150,155,30
2631,190,190,31
2632,213,206,25
2633,220,208,30
2634,204,194,27
2635,169,161,25
2636,138,128,18
2637,103,97,19
2638,109,105,34
2639,105,100,18
2640,111,105,37
2641,71,70,21
2642,124,122,38
2643,51,62,21
2644,33,42,19
2645,43,55,22
2646,54,66,19
2647,84,95,25
2648,115,129,23
2649,106,129,13
2650,116,133,21
2651,126,143,19
2652,119,136,10
2653,128,143,15
2654,122,137,11
2655,133,145,16
2656,144,155,19
2657,134,147,15
2658,108,122,7
2659,103,120,14
2660,90,110,12
2661,85,110,10
2662,82,109,9
2663,106,130,12
2664,104,133,15
2665,109,139,15
2666,114,149,17
2667,119,150,15
2668,124,148,19
2669,120,146,15
2670,108,137,16
2671,84,119,13
2672,74,109,16
2673,62,98,17
2674,52,87,17
2675,51,92,8
2676,54,95,10
2677,58,99,11
2678,72,109,12
2679,89,119,18
2680,116,139,28
2681,133,147,31
2682,125,145,20
2683,142,155,31
2684,148,164,27
2685,156,168,30
2686,155,162,28
2687,154,161,23
2688,152,160,23
2689,140,151,16
2690,142,153,17
2691,138,140,16
2692,137,138,21
2693,137,141,16
2694,140,146,12
2695,152,154,21
2696,163,163,21
2697,129,122,35
2698,98,91,45
2699,110,105,30
2700,76,73,41
2701,53,50,20
2702,97,91,51
2703,48,53,27
2704,32,38,18
2705,23,32,14
2706,39,51,16
2707,43,52,16
2708,70,86,16
2709,108,139,18
2710,101,132,15
2711,97,126,18
2712,91,119,13
2713,94,121,14
2714,96,125,16
2715,102,129,15
2716,115,138,15
2717,111,133,18
2718,82,109,11
2719,75,106,18
2720,66,98,10
2721,69,107,7
2722,73,109,13
2723,83,114,12
2724,84,114,15
2725,80,115,14
2726,89,119,13
2727,120,139,17
2728,172,173,13
2729,210,199,20
2730,209,201,20
2731,199,197,24
2732,155,165,21
2733,112,140,26
2734,124,145,34
2735,89,122,27
2736,90,125,20
2737,129,151,25
2738,145,163,32
2739,106,137,18
2740,102,137,15
2741,102,131,15
2742,98,128,15
2743,94,125,10
2744,91,120,9
2745,89,119,9
2746,87,118,11
2747,86,118,11
2748,87,119,10
2749,92,124,11
2750,96,126,10
2751,105,131,15
2752,104,130,11
2753,98,123,12
2754,91,113,16
2755,90,111,16
2756,97,114,11
2757,98,108,18
2758,108,116,21
2759,130,128,19
2760,74,68,32
2761,97,85,53
2762,78,70,41
2763,50,54,30
2764,25,34,16
2765,32,41,20
2766,26,34,11
2767,38,44,22
2768,63,75,23
2769,100,127,20
2770,96,128,16
2771,93,126,13
2772,101,129,16
2773,103,127,14
2774,110,134,18
2775,111,139,11
2776,104,134,9
2777,97,129,12
2778,86,124,13
2779,72,113,13
2780,69,110,10
2781,58,99,10
2782,55,93,20
2783,57,98,15
2784,68,101,11
2785,71,107,16
2786,86,110,11
2787,124,132,21
2788,194,183,20
2789,231,213,20
2790,233,217,21
2791,224,206,20
2792,186,186,28
2793,136,157,19
2794,160,174,38
2795,113,141,27
2796,118,147,20
2797,169,171,32
2798,156,162,34
2799,115,139,26
2800,85,122,15
2801,87,126,15
2802,87,121,11
2803,90,128,12
2804,89,125,14
2805,92,126,14
2806,93,126,12
2807,98,131,16
2808,97,129,11
2809,105,137,14
2810,110,141,9
2811,117,141,7
2812,123,145,11
2813,136,149,16
2814,138,154,19
2815,141,153,17
2816,141,151,13
2817,135,147,11
2818,140,152,17
2819,150,161,18
2820,109,104,44
2821,63,54,33
2822,64,61,29
2823,50,54,23
2824,31,38,20
2825,20,29,9
2826,27,33,15
2827,40,46,18
2828,63,74,23
2829,82,103,21
2830,109,134,13
2831,114,142,18
2832,128,150,18
2833,151,162,26
2834,162,171,23
2835,165,176,19
2836,161,171,21
2837,150,164,22
2838,137,156,23
2839,119,145,26
2840,91,123,25
2841,68,102,20
2842,63,97,25
2843,68,104,21
2844,77,107,9
2845,111,124,18
2846,154,156,25
2847,139,149,25
2848,151,161,19
2849,146,153,13
2850,139,149,12
2851,118,139,10
2852,90,126,12
2853,89,126,11
2854,120,132,27
2855,94,119,22
2856,99,124,19
2857,138,137,21
2858,149,151,23
2859,130,148,25
2860,91,120,13
2861,109,141,23
2862,86,123,14
2863,81,118,9
2864,89,126,8
2865,103,137,15
2866,103,135,11
2867,109,139,12
2868,116,145,11
2869,113,144,12
2870,113,143,11
2871,126,151,15
2872,127,150,13
2873,135,149,10
2874,132,153,9
2875,139,158,6
2876,157,168,12
2877,162,173,14
2878,168,175,13
2879,185,187,17
